name,dateOfBirth,timestamp,age,countryOfBirth,annualTotal,annualTotalString,prevYearTotal,payment1,payment2,payment3,payment4,payment5,payment6
Jo Ray Smith,27/11/1990,2012-01-10 10:24:54.953,23,Germany,11,11,10,1,1,1,1,1,1
Billy Other,27/11/1980,2012-01-10 10:24:54.953,33,UK,25,25,19,5,5,5,5,5,5
Johnny James Cooper,27/11/1990,2012-01-10 10:24:54.953,23,France,15,15,20,2,2,2,2,2,2
Alan John Doe,27/10/2012,2012-01-10 10:24:54.953,19,USA,62,62,40,4,4,4,4,4,4
Andrew Neil Other,27/11/1980,2012-01-10 10:24:54.953,33,UK,25,25,19,5,5,5,5,5,5
Peter Smith,27/11/1990,2012-01-10 10:24:54.953,23,Australia,11,11,10,1,1,1,1,1,1
Jane Doe,27/10/2012,2012-01-10 10:24:54.953,19,USA,62,62,40,4,4,4,4,4,4
Flo Doe,27/10/2012,2012-01-10 10:24:54.953,19,USA,62,62,40,4,4,4,4,4,4