name,dateOfBirth,timestamp,age
Jo Smith,27/11/1990,2012-01-10 10:24:54.953,
Johnny Smith,27/11/1990,2012-01-10 10:24:54.953,
Jo Smith,27/11/1990,2012-01-10 10:24:54.953,
Johnny Smith,27/11/1990,2012-01-10 10:24:54.953,
Jo Smith,27/11/1990,2012-01-10 10:24:54.953,
Johnny Smith,27/11/1990,2012-01-10 10:24:54.953,
Jo Smith,27/11/1990,2012-01-10 10:24:54.953,
Johnny Smith,27/11/1990,2012-01-10 10:24:54.953,
Jo Smith,27/11/1990,2012-01-10 10:24:54.953,
Johnny Smith,27/11/1990,2012-01-10 10:24:54.953,
John Smith,27/11/1990,2012-01-10 10:24:54.953,BBB
Jo Smith,27/11/1990,2012-01-10 10:24:54.953,
Johnny Smith asdlaskdjfaslkdffjasldkfjaskdfjlaksdfjl,27/11/1990,2012-01-10 10:24:54.953,
Jo Smith,27/11/1990,2012-01-10 10:24:54.953,
Johnny Smith,27/11/1990,2012-01-10 10:24:54.953,99
Jo Smith,27/11/1990,2012-01-10 10:24:54.953,
Johnny Smith,27/11/1990,2012-01-10 10:24:54.953,
Jo Smith,27/11/1990,2012-01-10 10:24:54.953,
Johnny Smith,27/11/1990,2012-01-10 10:24:54.953,
Jo Smith,27/11/1990,2012-01-10 10:24:54.953,
Johnny Smith,27/11/1990,2012-01-10 10:24:54.953,
Jo Smith,27/11/1990,2012-01-10 10:24:54.953,
Johnny Smith,27/11/1990,2012-01-10 10:24:54.953,
Jo Smith,27/11/1990,2012-01-10 10:24:54.953,
Johnny Smith,27/11/1990,2012-01-10 10:24:54.953,
Jo Smith,27/11/1990,2012-01-10 10:24:54.953,
Johnny Smith,27/11/1990,2012-01-10 10:24:54.953,
Jo Smith,27/11/1990,2012-01-10 10:24:54.953,
Johnny Smith,27/11/1990,2012-01-10 10:24:54.953,
Jo Smith,27/11/1990,2012-01-10 10:24:54.953,
Johnny Smith,27/11/1990,2012-01-10 10:24:54.953,
Jo Smith,27/11/1990,2012-01-10 10:24:54.953,
Johnny Smith,27/11/1990,2012-01-10 10:24:54.953,
Jo Smith,27/11/1990,2012-01-10 10:24:54.953,
Johnny Smith,27/11/1990,2012-01-10 10:24:54.953,
Jo Smith,27/11/1990,2012-01-10 10:24:54.953,
Johnny Smith,27/11/1990,2012-01-10 10:24:54.953,
Jo Smith,27/11/1990,2012-01-10 10:24:54.953,
Johnny Smith,27/11/1990,2012-01-10 10:24:54.953,
Jo Smith,27/11/1990,2012-01-10 10:24:54.953,
Johnny Smith,27/11/1990,2012-01-10 10:24:54.953,
Jo Smith,27/11/1990,2012-01-10 10:24:54.953,
Johnny Smith,27/11/1990,2012-01-10 10:24:54.953,
Jo Smith,27/11/1990,2012-01-10 10:24:54.953,
Johnny Smith,27/11/1990,2012-01-10 10:24:54.953,
Jo Smith,27/11/1990,2012-01-10 10:24:54.953,
Johnny Smith,27/11/1990,2012-01-10 10:24:54.953,
Jo Smith,27/11/1990,2012-01-10 10:24:54.953,
Johnny Smith,27/11/1990,2012-01-10 10:24:54.953,
J Smith,27/11/1990,A,
Jim Smith,27/11/1990,2012-01-10 10:24:54.953,